{"cameraMode":{"drawMode":0,"name":"Shaded","section":"Shading Mode"},"sceneLighting":false,"audioPlay":false,"sceneViewState":{"m_AlwaysRefresh":true,"showFog":true,"showSkybox":true,"showFlares":true,"showImageEffects":true,"showParticleSystems":true,"showVisualEffectGraphs":true,"m_FxEnabled":true},"in2DMode":false,"pivot":{"x":-0.1318802684545517,"y":3.624032974243164,"z":-0.0004451712593436241},"rotation":{"x":0.00004213557986076921,"y":0.9810011982917786,"z":-0.19407309591770173,"w":0.0002976919640786946},"size":1.4319730997085572,"orthographic":false}