{"cameraMode":{"drawMode":0,"name":"Shaded","section":"Shading Mode"},"sceneLighting":false,"audioPlay":false,"sceneViewState":{"m_AlwaysRefresh":true,"showFog":true,"showSkybox":false,"showFlares":true,"showImageEffects":true,"showParticleSystems":true,"showVisualEffectGraphs":true,"m_FxEnabled":true},"in2DMode":false,"pivot":{"x":0.07955177128314972,"y":0.9352403879165649,"z":-0.3378117084503174},"rotation":{"x":-0.0046271150931715969,"y":-0.9941068887710571,"z":0.09754421561956406,"w":-0.047149188816547397},"size":0.7734436988830566,"orthographic":false}