{"cameraMode":{"drawMode":0,"name":"Shaded","section":"Shading Mode"},"sceneLighting":false,"audioPlay":false,"sceneViewState":{"m_AlwaysRefresh":true,"showFog":true,"showSkybox":false,"showFlares":true,"showImageEffects":true,"showParticleSystems":true,"showVisualEffectGraphs":true,"m_FxEnabled":true},"in2DMode":false,"pivot":{"x":-5.960464477539063e-8,"y":0.7970092296600342,"z":0.0033601000905036928},"rotation":{"x":-0.021067064255475999,"y":-0.9778141975402832,"z":0.16916674375534059,"w":-0.12176811695098877},"size":0.9637247920036316,"orthographic":false}