{"cameraMode":{"drawMode":0,"name":"Shaded","section":"Shading Mode"},"sceneLighting":false,"audioPlay":false,"sceneViewState":{"m_AlwaysRefresh":false,"showFog":false,"showSkybox":false,"showFlares":false,"showImageEffects":false,"showParticleSystems":false,"showVisualEffectGraphs":true,"m_FxEnabled":true},"in2DMode":false,"pivot":{"x":-0.08832882344722748,"y":0.41775327920913699,"z":-0.04162919521331787},"rotation":{"x":-0.004586540628224611,"y":0.9948691725730896,"z":-0.052586302161216739,"w":-0.08647095412015915},"size":0.8649620413780212,"orthographic":false}