{"cameraMode":{"drawMode":0,"name":"Shaded","section":"Shading Mode"},"sceneLighting":false,"audioPlay":false,"sceneViewState":{"m_AlwaysRefresh":false,"showFog":false,"showSkybox":false,"showFlares":false,"showImageEffects":false,"showParticleSystems":false,"showVisualEffectGraphs":true,"m_FxEnabled":true},"in2DMode":false,"pivot":{"x":-1.7881393432617188e-7,"y":0.8260908126831055,"z":2.9802322387695315e-8},"rotation":{"x":0.00004213557986076921,"y":0.9810011982917786,"z":-0.19407309591770173,"w":0.0002976919640786946},"size":1.1700927019119263,"orthographic":false}