{"cameraMode":{"drawMode":0,"name":"Shaded","section":"Shading Mode"},"sceneLighting":false,"audioPlay":false,"sceneViewState":{"m_AlwaysRefresh":false,"showFog":false,"showSkybox":false,"showFlares":false,"showImageEffects":false,"showParticleSystems":false,"showVisualEffectGraphs":true,"m_FxEnabled":true},"in2DMode":false,"pivot":{"x":0.23025193810462953,"y":0.6768845915794373,"z":-0.0752263069152832},"rotation":{"x":-0.00015528338553849608,"y":0.9997481107711792,"z":0.022188251838088037,"w":0.006298311986029148},"size":0.8649620413780212,"orthographic":false}