{"cameraMode":{"drawMode":0,"name":"Shaded","section":"Shading Mode"},"sceneLighting":false,"audioPlay":false,"sceneViewState":{"m_AlwaysRefresh":true,"showFog":true,"showSkybox":false,"showFlares":true,"showImageEffects":true,"showParticleSystems":true,"showVisualEffectGraphs":true,"m_FxEnabled":true},"in2DMode":false,"pivot":{"x":0.19942057132720948,"y":1.1195180416107178,"z":-0.708590567111969},"rotation":{"x":0.06305456161499024,"y":-0.8848304152488709,"z":0.12559601664543153,"w":0.4442419111728668},"size":2.0360348224639894,"orthographic":false}