{"cameraMode":{"drawMode":0,"name":"Shaded","section":"Shading Mode"},"sceneLighting":false,"audioPlay":false,"sceneViewState":{"m_AlwaysRefresh":true,"showFog":true,"showSkybox":false,"showFlares":true,"showImageEffects":true,"showParticleSystems":true,"showVisualEffectGraphs":true,"m_FxEnabled":true},"in2DMode":false,"pivot":{"x":0.23208044469356538,"y":1.4356385469436646,"z":-1.1560626029968262},"rotation":{"x":-0.005989695433527231,"y":-0.058465708047151569,"z":-0.0003508005174808204,"w":0.998271644115448},"size":0.26165086030960085,"orthographic":false}