{"cameraMode":{"drawMode":0,"name":"Shaded","section":"Shading Mode"},"sceneLighting":false,"audioPlay":false,"sceneViewState":{"m_AlwaysRefresh":true,"showFog":true,"showSkybox":false,"showFlares":true,"showImageEffects":true,"showParticleSystems":true,"showVisualEffectGraphs":true,"m_FxEnabled":true},"in2DMode":false,"pivot":{"x":-0.03108270652592182,"y":1.1659470796585084,"z":2.068256139755249},"rotation":{"x":-0.016496799886226655,"y":-0.017996491864323617,"z":-0.0002979612909257412,"w":0.9997045993804932},"size":1.8954269886016846,"orthographic":false}