{"cameraMode":{"drawMode":0,"name":"Shaded","section":"Shading Mode"},"sceneLighting":false,"audioPlay":false,"sceneViewState":{"m_AlwaysRefresh":false,"showFog":false,"showSkybox":false,"showFlares":false,"showImageEffects":false,"showParticleSystems":false,"showVisualEffectGraphs":true,"m_FxEnabled":true},"in2DMode":false,"pivot":{"x":0.20333020389080048,"y":1.6328001022338868,"z":-0.7159886360168457},"rotation":{"x":-0.11436015367507935,"y":0.5633182525634766,"z":-0.07909845560789108,"w":-0.8144680857658386},"size":0.8660253882408142,"orthographic":false}